{"47.00_10.50": 1971.7589111328125, "47.00_10.75": 2069.86474609375, "47.00_11.00": 2288.38916015625, "47.00_11.25": 2295.615234375, "47.00_11.50": 1789.4925537109375, "47.00_11.75": 2246.753662109375, "47.00_12.00": 2068.765380859375, "47.00_12.25": 2446.45263671875, "47.00_12.50": 2118.442626953125, "47.00_12.75": -9999.0, "46.75_10.50": 2053.125244140625, "46.75_10.75": 2607.476806640625, "46.75_11.00": 2453.083984375, "46.75_11.25": 1693.258544921875, "46.75_11.50": 1761.0750732421875, "46.75_11.75": 1527.0186767578125, "46.75_12.00": 1591.6226806640625, "46.75_12.25": 1879.3460693359375, "46.75_12.50": 1941.8841552734375, "46.75_12.75": -9999.0, "46.50_10.50": 2204.260498046875, "46.50_10.75": 2199.120849609375, "46.50_11.00": 1687.3248291015625, "46.50_11.25": 979.590576171875, "46.50_11.50": 1195.777099609375, "46.50_11.75": 1955.2708740234375, "46.50_12.00": 1966.5076904296875, "46.50_12.25": 1803.9466552734375, "46.50_12.50": 1519.488037109375, "46.50_12.75": -9999.0, "46.25_10.50": 2203.058837890625, "46.25_10.75": 2033.68017578125, "46.25_11.00": 1343.2742919921875, "46.25_11.25": 881.2069091796875, "46.25_11.50": 1640.53466796875, "46.25_11.75": 1796.4427490234375, "46.25_12.00": 1529.51123046875, "46.25_12.25": 1231.8377685546875, "46.25_12.50": 1296.7139892578125, "46.25_12.75": -9999.0, "46.00_10.50": -9999.0, "46.00_10.75": -9999.0, "46.00_11.00": -9999.0, "46.00_11.25": -9999.0, "46.00_11.50": -9999.0, "46.00_11.75": -9999.0, "46.00_12.00": -9999.0, "46.00_12.25": -9999.0, "46.00_12.50": 1122.6141357421875, "46.00_12.75": -9999.0}